240,29,63,64,1,24,238,432,51,17,31,157,16,134,40,16,57,53,122,131,1
54,99,236,107,238,25,96,103,62,92,157,53,80,67,24,91,57,31,90,18,0
222,63,24,150,238,41,5,53,61,51,29,157,141,57,105,92,157,31,120,40,0
21,99,103,122,141,25,59,85,112,15,143,55,24,114,119,38,119,53,157,31,0
143,96,157,134,50,35,150,110,61,40,119,80,53,90,57,64,75,119,154,57,1
254,497,15,163,126,412,24,50,81,19,57,40,64,90,18,53,31,80,157,113,0
69,64,126,29,53,40,41,61,119,102,60,57,8,75,201,80,86,90,122,412,1
91,57,67,16,28,5,18,58,40,268,53,143,122,157,55,238,157,25,141,11,1
14,498,121,497,55,33,39,412,238,222,51,53,16,516,131,254,6,516,122,45,0
4,77,12,22,80,79,62,267,84,29,53,516,31,157,222,420,21,53,23,113,1
81,19,21,63,86,106,103,18,240,57,51,157,11,238,17,89,92,91,75,24,0
201,4,238,64,222,67,9,104,101,23,31,79,157,516,105,54,17,202,429,103,0
14,55,18,114,141,157,245,236,9,223,11,90,16,57,122,131,53,105,6,122,0
29,79,432,127,420,115,51,86,5,16,53,134,131,17,122,21,75,122,157,25,0
19,75,99,45,67,103,41,201,429,32,122,141,119,51,157,11,39,8,64,18,0
11,105,92,89,96,157,420,12,67,24,122,53,23,245,107,119,75,51,53,34,0
75,238,31,18,143,497,24,498,59,1,113,141,29,40,53,154,141,57,122,33,1
26,112,18,20,126,161,59,23,412,15,38,40,29,31,105,38,67,31,119,40,0
6,5,245,236,267,498,44,19,55,86,33,122,67,59,31,11,28,122,412,141,0
21,25,33,45,27,24,161,67,201,19,29,412,131,90,122,31,245,420,5,105,1
101,58,51,19,40,99,86,11,1,21,7,119,141,59,31,75,53,57,157,31,1
34,14,53,18,19,16,134,29,58,79,40,117,38,119,37,38,59,55,84,31,0
1,110,113,201,80,412,29,99,75,141,61,51,498,59,240,119,53,31,154,106,1
202,113,157,63,57,92,38,35,59,15,31,84,40,18,516,-1,75,31,141,40,1
79,37,96,516,134,38,157,99,67,24,119,51,11,16,122,420,31,498,141,11,0
412,161,18,32,8,54,15,154,238,63,40,19,117,64,11,119,40,31,105,80,1
29,63,75,1,164,99,516,96,19,12,110,57,25,31,115,64,119,141,31,18,1
55,19,53,67,77,201,120,202,48,38,28,57,157,64,141,157,75,29,117,16,1
238,31,99,22,59,516,67,117,75,90,91,119,157,19,103,61,11,18,50,43,0
51,412,18,84,77,59,20,53,81,39,29,92,141,105,24,25,8,86,34,19,1
48,29,43,53,19,18,101,5,117,122,31,154,40,59,157,8,40,112,421,75,0
64,18,62,98,45,412,57,21,69,103,31,8,119,266,122,119,80,516,22,84,0
64,19,498,57,99,113,103,29,17,412,141,91,89,25,157,238,157,25,141,122,1
25,102,15,103,17,516,32,245,40,96,134,53,497,141,21,91,238,51,64,21,1
18,41,25,154,38,96,105,40,64,75,238,157,412,122,19,122,60,119,120,53,1
20,53,133,81,157,102,18,117,236,40,57,105,154,51,90,29,31,122,57,7,0
245,99,498,120,3,267,103,18,59,60,24,154,1,84,64,154,157,75,238,141,0
157,99,105,516,81,37,19,21,17,63,11,122,51,420,238,420,222,238,28,134,0
420,432,67,28,91,40,238,120,51,74,84,53,29,75,41,53,141,84,105,122,0
31,89,161,18,92,38,81,141,420,412,84,238,25,157,122,126,105,245,113,157,1
96,238,57,53,79,120,69,267,67,6,11,90,31,45,154,157,18,11,29,119,1
64,43,18,10,78,119,497,115,141,39,114,59,412,67,157,105,31,157,40,202,0
202,11,1,150,41,236,40,67,58,79,56,57,8,136,18,154,516,31,38,105,0
31,4,11,18,22,110,150,63,113,91,119,105,164,24,122,105,57,25,53,24,1
91,60,23,119,53,267,42,15,11,105,40,18,67,29,75,117,40,24,18,31,1
19,150,99,51,223,96,25,121,161,31,157,29,105,141,114,105,154,84,157,497,1
103,110,254,432,75,44,114,121,222,41,53,99,122,201,23,141,53,42,516,157,0
16,80,222,4,427,17,77,29,238,432,34,122,23,157,113,141,114,84,54,119,0
57,222,13,24,40,59,115,15,412,98,31,134,6,29,131,31,113,29,18,61,1
222,76,13,91,53,78,161,22,516,141,119,63,105,19,90,99,31,45,12,80,0
64,18,20,99,16,412,498,79,45,32,117,105,40,266,28,238,29,11,122,157,1
99,23,432,29,5,267,120,498,17,38,157,236,122,86,24,141,122,157,154,75,1
112,117,67,75,141,43,127,29,22,98,38,57,40,18,31,238,40,15,5,34,0
202,30,89,75,5,45,14,92,79,67,31,105,113,29,40,-1,31,18,141,245,0
43,8,157,18,113,29,120,238,58,267,64,31,40,119,33,119,516,40,57,121,1
67,57,26,121,201,31,53,21,245,39,154,29,105,40,18,16,7,103,40,19,1
58,35,40,18,34,163,29,203,412,12,63,67,31,119,131,141,122,157,55,119,0
202,23,141,267,134,222,25,143,58,64,105,18,40,31,33,53,31,-1,57,18,1
41,18,5,35,516,22,59,99,14,7,119,53,157,51,238,29,31,238,117,80,0
89,34,17,32,18,202,56,157,68,40,119,420,5,31,105,31,11,90,141,23,1
50,75,201,29,11,19,27,51,89,103,57,91,24,119,63,141,157,122,53,497,1
412,498,141,5,238,91,79,110,41,53,23,2,113,154,122,89,80,29,67,84,0
85,164,121,29,267,44,516,112,62,96,16,34,57,40,18,117,53,33,40,67,0
9,113,105,150,18,86,157,154,96,412,53,31,75,58,51,84,90,58,164,119,0
157,240,29,1,35,120,99,238,14,222,53,122,119,105,31,6,67,75,105,90,0
134,99,85,254,110,117,31,105,121,18,114,119,6,24,238,516,11,122,53,6,0
8,68,56,22,89,222,59,24,112,43,40,121,31,141,29,105,114,516,157,29,1
238,29,10,57,222,236,133,92,25,61,157,122,119,90,245,119,154,11,105,141,1
113,4,16,84,222,121,105,114,37,67,40,29,57,80,119,412,29,96,18,57,1
412,15,157,42,11,20,37,17,79,18,92,53,51,35,238,50,5,119,53,80,0
238,82,122,21,37,99,79,54,157,222,164,40,16,1,11,55,120,51,516,36,1
245,96,120,111,55,84,24,16,119,75,64,105,201,74,23,31,53,157,1,17,0
99,19,15,105,80,57,36,79,29,412,53,92,11,17,63,51,163,18,122,103,0
98,136,11,110,59,105,141,29,20,92,122,412,103,24,53,55,51,18,63,119,1
17,105,42,11,14,27,45,141,18,412,32,62,157,53,55,119,29,75,498,31,0
63,497,59,77,18,236,92,28,99,40,33,90,238,19,29,57,516,55,105,85,0
429,238,17,141,53,59,91,121,40,21,119,84,110,12,157,122,11,133,23,-1,0
57,22,133,74,81,222,50,111,5,113,18,420,75,23,11,202,114,119,18,105,0
25,33,18,150,38,245,31,412,22,59,57,157,23,105,40,238,29,113,154,126,0
91,75,236,245,412,267,41,115,18,23,122,61,154,40,64,53,238,39,40,141,0
122,96,40,19,69,157,50,102,412,498,53,31,119,154,61,113,61,90,238,141,0
150,81,22,60,432,25,254,29,245,10,57,31,16,201,236,157,51,119,141,114,0
141,40,8,157,236,21,38,117,121,92,31,69,114,33,119,18,42,238,122,57,1
103,111,222,57,133,23,16,29,64,105,17,92,31,122,238,5,53,51,31,412,0
11,412,51,157,150,36,25,121,40,202,1,57,516,29,75,57,122,119,245,141,0
202,17,7,11,111,64,18,40,122,1,121,105,24,80,84,51,105,157,117,67,1
77,245,99,8,119,12,22,134,516,19,131,91,55,23,32,122,24,157,16,53,1
6,44,29,254,69,96,497,28,236,85,31,119,91,18,117,53,40,114,57,90,0
412,80,37,60,21,238,27,104,498,432,19,157,122,202,40,57,29,119,40,141,0
105,26,96,133,64,9,202,23,74,25,122,1,40,412,141,28,53,18,57,150,0
89,429,102,42,58,2,1,141,67,111,122,80,119,53,11,53,122,154,90,40,0
222,58,245,57,223,201,99,81,59,6,119,31,40,64,11,254,113,40,24,516,0
41,55,143,64,18,236,51,16,98,9,53,516,40,29,31,31,79,40,113,119,0
92,105,117,29,20,96,106,8,16,86,40,157,497,31,119,90,236,67,53,57,0
4,16,92,236,60,63,222,17,201,254,11,40,105,75,18,122,80,114,33,154,0
78,2,45,86,202,103,54,106,498,25,92,11,67,119,22,157,67,122,53,69,1
43,99,96,57,102,202,110,267,106,141,154,497,38,432,18,23,157,245,238,19,0
29,26,122,11,43,56,202,115,12,58,103,150,111,90,53,113,236,84,31,516,0
421,497,22,101,92,119,164,12,163,121,29,40,75,117,31,40,412,19,38,113,1
77,122,74,119,12,92,497,38,59,222,51,238,75,79,64,20,29,58,18,91,0
51,143,50,19,420,516,202,37,163,107,53,40,18,119,412,75,57,16,103,105,1
163,412,9,83,22,29,117,99,64,24,31,91,516,119,57,59,31,40,53,238,0
104,83,134,16,18,412,22,59,90,106,114,119,105,154,75,119,105,84,154,122,1
202,134,85,86,32,266,254,21,25,40,154,45,75,53,3,157,122,119,154,61,1
14,497,18,91,59,37,3,67,121,79,57,117,40,238,113,29,40,19,24,57,1
122,81,117,90,201,53,164,222,31,1,64,18,238,516,57,104,40,57,119,11,1
89,67,113,136,10,50,91,29,412,102,516,45,1,31,23,11,18,141,16,12,0
17,40,110,57,30,117,92,59,67,61,31,516,6,154,105,41,157,56,105,31,0
15,19,58,245,143,82,38,236,497,11,157,40,114,59,75,57,1,92,41,50,1
96,105,10,421,98,516,102,498,12,45,75,33,18,113,53,64,103,31,157,1,0
150,67,201,11,157,48,90,429,412,106,154,119,122,31,114,63,105,122,141,53,0
82,48,245,22,516,51,163,412,33,24,157,121,29,40,11,238,55,119,236,31,0
59,114,105,141,15,18,412,4,104,48,67,75,157,31,53,61,38,19,117,29,1
21,59,117,75,245,6,7,412,62,18,122,157,238,131,31,157,122,154,141,31,0
141,53,498,91,79,17,119,11,34,80,245,5,25,22,122,75,55,245,89,51,0
79,40,15,245,157,10,222,412,24,28,154,103,164,31,19,154,266,91,143,1,1
23,61,98,22,28,76,18,412,54,240,202,75,157,24,80,59,8,81,67,55,0
202,127,141,43,157,75,37,113,238,51,119,53,99,31,90,64,24,29,119,31,0
99,245,17,19,15,21,86,53,77,25,31,122,90,412,157,164,122,31,238,63,0
56,111,57,67,103,58,8,412,110,141,53,31,11,105,55,55,39,63,22,157,0
114,121,16,42,67,131,222,516,107,412,53,40,18,105,57,38,119,40,51,92,1
19,429,12,58,61,516,1,18,141,99,40,11,59,154,16,75,53,8,154,67,1
61,421,67,19,53,63,75,412,111,23,157,420,11,1,31,55,154,84,40,99,1
45,113,202,54,157,121,267,96,98,245,90,122,40,16,238,34,119,57,122,18,0
78,22,245,113,120,157,161,429,412,23,420,75,67,53,11,55,516,105,62,122,0
432,134,24,23,22,222,92,105,1,50,17,245,21,99,51,11,122,53,236,268,0
31,119,1,122,412,25,157,516,60,236,75,8,24,11,7,40,53,134,90,24,0
55,17,32,21,37,14,114,74,64,18,31,11,25,3,420,420,36,53,119,268,1
57,16,48,134,67,115,18,98,24,432,105,19,53,141,240,141,154,29,35,412,1
58,498,497,134,77,516,412,104,121,110,245,11,154,131,53,31,201,84,103,40,1
133,62,34,40,18,222,267,64,75,90,31,24,113,57,114,63,122,245,53,31,1
113,84,81,58,412,4,432,27,498,141,57,114,154,31,516,75,119,31,67,122,0
92,432,69,81,19,79,29,412,61,78,40,57,80,31,11,18,516,40,63,154,1
202,245,89,12,254,25,5,157,17,22,57,11,105,16,516,119,114,18,236,80,1
30,103,41,31,222,133,40,6,157,120,84,-1,89,105,122,19,113,11,53,122,1
16,101,24,498,141,113,43,67,134,92,40,105,75,29,8,18,238,105,29,31,1
245,201,51,62,24,98,103,21,11,25,143,40,31,19,16,23,134,114,516,53,0
64,75,4,267,29,12,236,161,60,24,18,164,79,31,516,38,31,119,40,157,0
222,201,104,69,23,99,90,64,110,412,238,96,119,18,80,53,40,67,117,16,0
157,85,19,18,201,24,61,21,45,25,29,90,141,154,238,67,53,119,114,31,0
141,432,114,103,498,75,29,134,30,64,18,266,61,23,31,51,157,25,122,105,1
16,34,110,33,157,27,96,117,238,141,59,240,28,38,40,3,412,29,40,53,0
222,141,236,157,432,40,86,56,21,13,-1,117,31,-1,114,18,103,11,29,31,0
9,74,3,37,22,32,51,53,164,63,58,31,25,89,222,238,245,17,84,99,1
4,40,80,11,110,67,103,131,59,75,19,119,516,23,157,157,31,238,18,114,1
18,157,111,24,74,25,29,56,91,86,19,57,31,11,67,31,19,53,42,-1,0
85,222,24,412,15,92,102,429,37,11,141,157,67,25,126,141,89,420,157,119,1
53,18,157,8,19,37,222,68,92,516,31,80,102,11,25,238,122,29,119,61,1
113,245,89,14,236,81,40,58,141,34,516,31,57,28,122,53,28,11,18,59,0
68,62,117,134,18,78,136,92,498,99,161,245,29,55,157,6,157,58,32,29,0
254,53,29,115,39,16,45,236,122,64,25,75,19,238,51,17,37,157,238,80,1
115,157,267,222,14,36,28,40,51,84,15,31,63,7,432,32,154,141,63,245,0
429,141,412,238,236,17,39,101,133,28,154,114,31,6,131,23,64,516,157,18,1
89,223,236,113,61,4,76,29,201,27,238,141,31,114,57,75,157,238,40,31,1
111,41,105,18,102,51,33,75,44,99,53,40,90,29,8,157,117,57,28,141,1
76,103,16,67,86,38,516,64,238,163,126,75,63,53,90,157,92,31,75,122,1
122,223,498,497,13,201,18,102,157,90,6,12,59,31,53,11,31,105,134,34,0
79,55,29,58,25,91,32,16,67,36,18,141,40,54,119,59,238,31,141,75,0
53,41,498,102,91,412,62,51,245,115,157,11,105,40,117,141,55,64,33,122,1
33,111,98,103,81,19,12,157,80,117,236,516,105,498,31,90,62,105,63,17,1
53,222,11,61,35,163,21,36,32,40,57,157,24,31,83,24,141,157,29,1,1
29,26,48,240,82,77,91,68,21,267,154,412,58,119,59,103,11,53,157,238,0
141,30,105,51,16,222,89,62,5,43,157,31,131,90,119,63,122,1,24,6,0
240,57,81,105,254,102,45,236,111,150,40,90,18,34,61,119,238,412,40,75,1
236,8,22,412,57,25,90,98,51,141,96,29,60,31,40,20,18,53,40,29,1
40,141,98,8,236,222,99,16,5,516,31,57,59,157,67,31,18,412,29,157,1
112,154,10,236,40,67,53,45,59,68,238,64,57,119,31,29,157,141,1,38,1
29,57,37,79,157,91,44,28,75,18,53,40,7,31,105,119,245,16,141,40,1
222,11,85,238,44,111,84,102,24,51,157,75,17,141,18,1,412,157,17,131,0
18,99,54,412,59,40,13,141,21,78,238,92,84,57,35,113,23,57,53,238,1
21,3,37,59,427,85,120,18,157,161,31,11,154,40,53,23,122,16,141,31,1
222,102,267,161,122,254,98,429,90,19,29,201,92,91,18,105,103,119,154,75,1
4,27,121,498,17,267,79,54,14,18,40,157,92,117,31,16,40,126,29,33,1
32,18,131,31,497,28,420,498,12,92,53,64,121,245,38,67,4,19,29,53,1
7,83,24,202,150,117,1,427,86,67,119,2,63,157,497,53,111,5,11,17,1
51,31,154,115,12,44,84,141,10,67,134,77,238,75,157,236,201,53,45,122,1
150,89,119,19,236,117,84,80,18,113,51,53,126,69,6,157,32,114,31,53,0
61,420,421,222,432,22,412,85,254,99,238,53,11,498,5,11,67,105,83,29,1
16,120,69,86,18,40,22,59,202,105,90,1,45,21,141,141,164,67,154,103,0
17,15,11,516,45,497,25,83,102,18,105,53,119,92,29,134,498,55,91,75,0
67,117,75,69,141,9,157,61,222,497,29,122,19,90,31,122,40,11,412,31,0
67,53,19,31,90,44,4,29,76,86,8,40,114,51,59,57,75,16,105,117,1
141,150,103,29,432,24,8,18,126,40,429,412,31,33,117,39,59,31,113,157,1
163,19,201,498,111,157,53,67,59,27,113,154,11,57,31,113,40,119,90,29,0
113,57,90,143,202,67,412,78,134,92,51,141,53,122,63,122,157,103,18,75,0
44,42,238,33,164,24,15,115,141,201,67,40,516,31,119,154,57,91,18,29,0
38,104,78,51,267,86,103,113,40,18,1,67,154,31,57,121,412,119,90,81,0
110,92,412,107,55,89,157,121,21,84,86,119,240,38,58,122,40,18,90,17,0
4,131,86,110,25,17,150,120,89,30,24,53,119,11,5,63,157,31,122,238,0
45,10,81,64,223,92,111,121,112,18,122,84,19,222,157,40,238,53,31,516,0
92,89,22,154,99,115,31,51,37,516,29,79,74,57,18,157,18,6,57,75,1
497,238,131,18,102,236,133,31,412,122,6,126,498,90,32,92,57,61,80,157,1
18,92,267,19,245,69,141,24,96,40,57,157,75,117,29,90,126,57,516,122,0
427,238,25,202,80,84,122,51,19,14,75,18,157,53,121,92,5,1,412,18,1
22,16,34,11,75,58,106,21,516,99,80,157,53,89,51,1,141,53,17,37,0
37,41,84,79,18,61,23,59,16,222,105,122,40,154,240,157,34,67,75,31,1
10,141,427,90,18,432,161,5,110,59,238,25,53,64,98,114,157,120,53,11,1
45,18,412,36,150,59,61,5,429,40,119,55,84,31,157,114,57,117,11,53,1
37,202,32,24,99,412,240,67,5,45,122,157,53,69,238,90,114,113,53,31,0
79,236,115,40,157,98,11,143,222,7,134,119,18,51,58,38,57,75,266,31,0
90,26,24,19,96,92,50,67,20,53,114,16,31,61,29,58,18,157,55,141,1
59,18,57,40,84,48,111,121,29,55,51,122,11,31,64,238,31,-1,122,119,1
75,37,21,11,268,6,22,117,64,131,53,63,29,18,122,84,157,31,90,16,0
12,516,18,154,1,6,201,222,103,19,29,141,24,119,157,238,53,114,141,51,0
119,75,89,107,63,41,99,110,516,13,53,420,12,11,29,91,150,31,53,11,1
24,77,498,201,238,121,245,119,12,86,102,84,23,51,154,157,39,29,103,516,0
96,59,38,25,516,133,69,79,40,29,141,51,121,134,154,412,53,75,18,113,0
79,412,119,131,164,516,91,121,67,40,31,134,29,96,18,31,34,117,57,113,1
157,126,120,25,222,106,45,58,67,38,23,64,516,40,202,131,18,105,238,75,1
154,105,81,86,143,110,412,266,69,5,31,57,11,202,23,119,57,157,201,45,1
13,28,58,222,412,236,110,24,16,113,21,150,103,141,157,157,6,40,131,84,1
126,119,117,3,254,35,103,143,92,18,238,55,157,57,432,40,29,201,238,141,0
48,1,24,61,81,21,64,268,54,53,11,157,91,31,80,117,238,75,31,63,1
201,141,498,420,134,80,157,222,412,19,11,8,238,23,53,1,53,41,57,45,0
154,48,15,267,238,44,84,498,92,77,3,53,80,40,18,29,75,40,114,59,0
11,164,8,117,222,26,69,99,236,31,59,90,141,57,79,105,91,40,57,238,1
18,19,16,23,38,106,34,2,432,119,92,117,29,31,122,33,164,40,157,53,0
25,420,236,141,103,91,20,150,29,44,498,63,40,18,1,516,429,245,59,53,1
245,29,23,16,35,141,17,412,222,55,40,57,99,31,157,57,119,31,40,157,0
18,91,19,99,126,58,245,120,81,516,90,114,31,150,27,122,84,114,119,420,1
61,98,76,266,18,202,412,141,23,238,31,64,222,122,29,31,17,53,75,11,1
21,7,28,157,412,25,238,84,222,11,40,36,119,154,113,64,18,134,432,51,1
22,117,92,61,59,141,99,79,16,115,11,53,31,7,113,412,40,53,154,238,1
267,67,113,103,80,44,102,38,92,119,16,154,31,105,40,202,31,117,114,238,0
119,497,92,64,115,101,21,114,76,412,157,53,54,117,62,103,29,157,51,113,0
157,17,421,110,412,238,497,15,141,61,103,53,8,154,24,31,40,18,164,53,1
254,164,37,61,29,110,53,157,62,101,114,45,119,19,18,40,238,122,83,36,1
240,157,81,11,59,119,99,55,24,5,420,25,61,84,122,412,105,6,51,53,0
121,157,4,40,222,202,136,432,120,150,238,31,18,29,37,23,59,29,119,57,1
64,92,90,22,412,61,420,154,21,267,51,57,11,55,516,79,31,141,157,53,1
74,154,21,99,516,86,222,412,19,43,122,238,67,75,236,150,40,23,18,29,0
121,133,61,43,119,18,245,105,36,34,40,53,157,80,113,412,141,114,11,122,0
223,17,119,63,4,8,498,412,24,106,40,238,157,122,29,18,33,16,122,31,1
53,107,75,29,3,30,83,89,59,236,45,11,113,122,103,23,122,11,1,238,0
18,58,89,57,103,64,105,37,67,102,11,119,122,238,29,79,157,122,1,238,1
238,19,236,150,117,75,201,254,202,8,164,25,51,23,157,122,141,31,113,53,0
75,119,40,90,33,57,245,236,24,201,31,157,238,114,29,29,412,31,122,-1,0
1,63,516,11,110,254,25,498,115,45,75,157,420,53,154,36,90,99,51,157,1
67,53,45,421,19,90,157,201,429,32,15,31,141,33,238,105,104,58,6,114,0
141,69,67,23,53,126,31,222,26,91,157,29,51,122,11,238,110,157,64,92,0
59,122,61,18,412,67,33,163,89,96,57,119,31,40,141,154,119,238,40,6,1
63,29,55,254,92,82,35,497,67,141,157,53,119,75,238,-1,25,53,64,157,1
164,40,59,18,103,63,26,236,28,62,238,16,53,141,31,57,80,105,245,157,1
24,67,34,516,53,45,23,119,27,64,141,105,59,51,150,141,238,17,105,90,1
202,115,60,143,83,236,133,99,122,105,498,119,238,17,1,31,57,238,412,11,0
23,131,37,18,89,111,99,67,267,64,16,141,122,17,157,91,53,119,1,11,0
2,67,102,236,1,134,17,111,21,79,75,498,25,157,24,83,113,53,157,203,0
202,63,223,11,31,131,86,44,245,119,105,113,6,157,53,238,105,420,134,75,0
119,40,61,35,78,23,22,4,201,141,105,67,86,57,18,131,157,134,18,27,0
141,58,69,236,40,268,498,64,202,50,114,157,31,119,134,23,120,31,18,238,0
18,157,19,14,53,23,25,15,98,105,516,141,236,29,266,90,119,57,89,11,0
202,81,99,40,98,77,26,63,31,22,18,23,33,154,90,105,119,122,141,498,0
516,5,43,222,45,89,1,67,122,113,61,90,84,117,53,119,75,164,31,238,1
5,99,57,202,412,43,516,37,18,141,40,102,53,105,420,254,51,53,105,157,0
90,25,202,141,120,412,22,75,102,30,57,16,18,105,35,40,516,122,238,11,1
119,37,24,516,4,79,112,432,56,21,238,114,157,105,92,67,122,53,11,40,0
121,67,267,126,61,161,64,16,10,81,31,75,141,119,154,154,57,141,103,122,0
201,164,120,67,245,16,22,112,11,58,202,141,238,19,122,64,31,57,122,63,1
516,41,26,498,32,29,56,236,99,92,8,18,121,90,53,78,105,33,119,134,1
19,53,134,62,22,48,51,84,157,24,122,119,113,90,63,18,23,29,90,-1,1
222,33,99,203,238,117,103,29,122,498,19,11,18,53,63,119,412,31,38,17,1
18,23,117,57,45,96,98,69,36,412,11,516,31,91,54,1,119,59,19,40,1
267,12,498,105,2,240,238,22,161,113,157,1,516,51,420,51,7,157,31,154,1
5,86,17,63,67,29,12,24,101,27,32,53,122,1,11,121,6,53,16,157,0
516,157,86,67,432,82,89,59,254,26,11,57,53,16,33,57,201,31,40,117,1
57,21,86,238,60,99,59,98,202,516,90,51,31,67,119,105,33,75,16,53,1
67,37,19,114,115,57,113,12,157,51,245,40,84,38,55,64,29,6,122,31,0
141,37,84,58,67,29,164,44,103,57,55,18,121,53,40,80,8,40,31,113,0
121,18,90,17,53,63,1,157,76,29,412,50,40,96,33,38,75,31,40,24,1
16,81,54,80,245,161,58,51,40,64,131,41,119,122,11,44,154,18,31,105,1
1,157,141,143,67,110,432,64,92,69,11,498,16,58,57,134,58,16,122,238,1
41,222,53,79,76,6,141,16,236,45,117,121,122,67,238,86,57,55,18,105,1
24,90,222,55,98,31,131,57,37,51,157,122,63,412,6,141,18,238,75,89,1
61,102,432,119,59,75,22,107,25,38,11,3,105,516,53,55,141,57,8,91,1
18,101,64,92,89,25,17,238,421,22,122,55,8,40,31,157,31,240,53,117,1
12,127,122,21,19,16,6,76,67,115,51,31,58,157,80,238,114,64,75,1,0
17,34,222,267,23,141,15,40,157,90,31,84,24,29,57,201,75,11,238,55,1
103,50,202,19,40,67,412,86,33,161,157,516,51,114,6,122,238,31,105,18,1
497,57,498,24,8,40,67,79,134,51,16,11,122,92,238,16,113,157,141,90,1
516,117,19,18,238,15,24,267,55,154,245,122,67,31,143,92,119,157,11,40,1
68,498,432,35,85,12,121,91,17,22,412,516,53,7,75,75,105,119,19,103,0
11,80,22,75,89,40,29,98,45,113,19,21,53,122,24,53,17,34,498,5,1
6,254,222,40,1,4,25,236,79,240,202,98,61,90,75,157,58,141,51,53,1
54,81,92,59,432,12,154,150,238,202,141,40,412,38,117,31,24,40,91,67,1
37,498,55,86,107,11,245,240,429,111,29,119,154,122,59,157,57,75,8,18,0
32,112,67,40,17,117,96,84,8,56,121,154,33,11,114,238,157,29,19,34,0
63,429,48,19,105,90,266,92,99,22,40,53,240,89,18,53,122,516,40,119,1
115,12,5,92,18,79,50,222,101,16,53,27,238,141,126,238,32,31,141,105,0
8,222,117,92,57,38,18,412,64,39,60,31,238,40,134,154,19,40,119,31,0
498,37,79,238,150,245,10,113,81,45,154,57,117,11,103,67,38,119,40,75,0
43,29,33,115,85,61,59,223,67,412,31,51,23,134,12,236,141,238,40,57,0
161,91,67,113,99,222,79,117,101,78,6,51,157,18,114,31,23,53,122,157,1
157,40,126,202,31,238,32,122,22,267,11,19,420,134,119,8,120,17,1,53,1
41,236,64,497,4,126,67,30,111,412,113,40,75,157,238,31,29,117,57,113,1
202,63,3,267,64,36,21,58,61,85,57,40,31,25,103,154,29,40,53,6,0
44,96,236,76,24,85,81,141,516,8,18,31,29,113,7,23,117,31,154,40,1
43,86,31,119,38,202,50,120,84,412,67,126,90,157,18,141,7,51,23,90,1
105,75,23,222,16,420,21,141,99,89,51,53,1,126,122,412,11,67,114,63,1
79,41,81,37,7,4,12,8,154,96,53,141,102,119,157,516,113,64,57,40,0
150,103,236,161,154,113,238,92,202,63,31,40,134,74,53,141,6,31,40,119,1
18,412,1,64,516,38,17,25,59,22,16,51,122,105,53,119,19,154,29,157,1
105,2,53,202,64,40,35,114,115,67,24,119,16,90,51,60,122,516,238,201,0
63,84,238,111,126,19,110,61,157,141,412,21,90,31,29,90,31,53,57,240,0
57,15,43,4,27,96,267,3,19,50,53,117,18,55,29,31,90,40,7,58,0
412,41,79,51,75,11,103,222,516,58,238,19,57,64,67,57,29,238,154,157,1
23,498,99,141,37,163,35,150,96,26,24,53,122,238,201,19,53,45,17,4,1
111,164,29,84,33,89,86,55,28,119,31,90,53,81,105,245,157,150,31,1,1
120,22,45,10,12,27,245,29,117,266,75,238,119,67,40,157,105,63,114,24,0
64,99,96,7,23,77,412,236,238,57,31,63,266,157,53,157,119,29,103,11,0
72,37,69,59,18,27,91,57,29,141,40,31,7,117,19,412,40,113,117,61,1
119,69,19,111,432,498,497,3,113,157,141,516,114,236,412,238,122,57,23,31,0
202,37,113,38,240,14,15,126,12,79,122,18,19,29,31,141,53,40,122,31,0
222,103,59,64,267,89,136,81,62,79,57,40,157,122,154,40,41,238,516,157,1
103,3,45,21,106,102,24,18,223,63,11,37,105,238,157,238,141,31,29,53,0
23,51,90,516,12,412,11,163,67,24,122,141,64,61,18,-1,29,154,202,31,1
115,17,2,22,25,6,117,427,245,429,51,57,91,40,75,20,40,113,57,75,0
34,40,150,15,79,119,36,103,516,412,238,29,31,16,157,19,245,90,154,31,1
90,39,120,236,1,14,29,103,43,126,157,31,18,141,40,11,18,96,516,141,1
16,141,420,22,1,245,32,202,99,122,53,238,6,157,75,53,120,89,18,91,1
120,157,412,29,126,119,240,53,69,76,59,58,19,31,122,51,31,516,113,24,0
53,67,31,38,35,54,86,18,30,25,75,412,105,245,40,157,154,516,-1,119,1
40,516,102,61,21,79,27,4,222,117,31,157,113,18,67,157,31,238,119,68,0
21,43,64,103,420,238,113,62,16,222,497,37,157,498,23,29,82,18,31,86,0
21,19,99,163,131,45,121,412,29,14,238,31,53,11,157,18,36,105,53,42,1
14,238,432,11,51,18,112,33,16,86,39,103,157,53,69,40,119,157,122,58,0
3,238,497,131,102,254,516,18,82,31,157,53,74,11,17,1,53,84,21,24,1
106,114,131,223,429,154,51,55,37,75,12,80,122,11,50,1,5,53,157,122,0
24,55,4,79,22,236,141,43,31,99,11,17,91,222,23,11,105,53,32,67,1
201,81,64,420,236,18,40,245,79,58,86,157,25,51,11,31,412,57,114,154,0
141,222,126,238,44,203,18,80,201,5,25,157,154,51,57,19,63,119,69,122,0
238,3,110,24,122,75,516,412,39,222,105,157,1,32,11,17,25,51,119,161,1
12,236,17,120,516,84,113,91,412,18,90,75,51,157,119,103,420,53,222,45,0
21,157,104,53,58,63,122,32,51,42,29,35,31,238,75,113,105,19,516,40,1
63,421,51,75,16,32,222,161,432,85,31,122,157,99,53,516,122,11,55,84,0
119,92,4,64,37,38,201,222,121,41,19,40,31,157,6,18,154,29,497,238,0
18,37,134,106,24,59,121,40,4,96,516,141,31,105,57,55,84,113,57,516,1
79,34,40,96,98,18,86,267,112,121,117,29,105,238,27,57,23,119,80,38,1
121,31,96,58,40,120,13,67,37,41,122,29,157,75,114,117,80,141,119,266,1
5,41,67,143,55,63,267,114,24,429,119,90,23,10,103,29,57,238,40,80,1
12,141,245,21,91,115,29,53,57,31,11,131,86,84,238,25,154,75,103,157,1
15,75,56,238,63,498,101,104,25,59,16,150,122,30,53,105,113,497,141,122,1
35,37,51,141,134,11,266,412,101,498,40,119,105,57,122,55,119,92,16,154,1
11,25,7,114,236,81,134,5,201,110,31,122,4,85,23,83,69,119,90,-1,1
412,23,222,110,10,86,11,37,21,245,516,120,84,126,99,90,150,24,51,114,0
64,122,498,45,412,40,222,90,24,150,58,154,57,25,157,63,83,105,16,420,0
141,222,45,122,16,84,64,29,126,497,114,157,58,103,11,157,154,80,5,420,0
121,22,238,41,57,103,223,18,40,106,74,119,55,53,420,498,23,420,74,24,0
29,154,61,41,16,412,157,114,19,222,90,7,238,53,1,11,75,23,105,119,1
134,98,11,45,67,61,75,107,40,18,31,119,57,157,55,238,31,157,59,516,0
61,86,28,5,18,141,497,498,27,45,53,19,157,31,33,12,64,238,11,31,1
157,51,117,67,5,17,103,77,16,202,40,90,24,84,105,141,57,420,80,18,0
59,432,39,114,67,164,202,35,516,9,57,53,40,119,11,238,27,29,245,122,0
412,498,154,238,17,67,245,64,106,89,53,51,1,103,31,157,126,31,119,24,0
104,516,90,15,27,54,59,51,61,412,245,119,17,31,63,122,40,105,202,157,1
133,33,45,37,18,143,236,412,154,157,32,34,516,238,113,86,58,40,117,12,1
59,16,240,134,222,21,5,105,75,117,57,429,92,516,238,29,53,40,31,38,0
17,122,245,429,497,111,202,516,1,113,117,59,40,90,126,75,40,29,34,31,1
6,238,202,254,37,91,68,412,64,15,40,31,85,53,96,11,498,141,157,22,1
84,37,79,103,81,67,57,36,40,105,19,113,53,141,31,59,119,126,238,154,0
131,157,222,122,40,21,245,412,64,161,41,37,18,34,31,238,141,154,31,82,1
141,236,115,59,117,19,157,84,202,497,238,40,120,122,31,114,90,119,11,134,1
516,48,102,119,101,37,27,51,80,5,432,157,86,11,53,25,45,157,117,122,0
121,40,3,67,1,29,37,150,103,64,516,101,18,75,31,51,16,157,58,7,0
236,143,92,42,254,102,15,78,1,122,31,157,238,19,53,40,18,516,23,55,0
64,22,89,13,86,267,36,126,18,102,53,238,19,122,51,24,122,516,134,51,0
17,34,102,429,412,267,268,67,24,86,119,25,157,154,75,63,222,141,99,31,1
57,12,21,55,122,31,3,16,222,141,6,157,154,516,18,105,23,40,53,113,1
105,102,67,238,25,110,60,84,53,58,-1,141,31,64,157,119,17,202,24,31,0
154,23,236,201,103,157,11,111,54,18,238,80,81,119,516,7,516,31,24,90,0
59,102,67,105,39,18,53,85,157,57,412,24,91,31,498,122,84,90,31,119,0
51,157,25,64,92,161,89,429,24,104,222,53,122,31,57,122,75,53,59,18,0
25,98,141,429,238,67,516,122,60,134,19,40,11,420,58,84,157,126,53,40,1
131,236,40,75,4,98,161,43,67,59,412,53,122,19,141,157,57,122,117,134,1
412,75,119,106,25,497,157,40,18,1,432,141,154,28,122,164,53,105,29,134,1
157,41,35,143,29,222,37,84,14,11,23,18,105,62,16,24,40,114,18,67,1
61,51,44,33,57,110,78,201,11,69,41,119,53,114,31,103,75,141,412,31,1
245,41,18,19,516,25,99,150,67,11,29,24,122,238,157,157,40,75,31,24,0
164,131,53,157,222,18,432,115,58,4,17,19,40,90,29,19,55,141,105,23,1
1,77,67,114,4,157,63,202,60,105,35,51,31,134,420,90,31,141,23,119,1
99,236,432,64,141,21,78,115,37,121,53,119,11,157,31,53,1,119,19,154,0
107,202,24,201,55,99,75,412,21,254,40,59,238,8,31,141,44,67,157,19,1
141,236,16,90,245,40,61,62,67,3,57,53,103,29,51,119,238,31,17,122,1
32,55,89,24,222,41,15,106,48,99,105,157,18,6,80,98,23,75,11,117,1
117,4,75,141,29,498,24,421,99,12,119,157,96,40,31,157,80,91,18,31,0
164,59,141,12,18,103,432,23,64,222,154,40,90,31,122,238,117,51,19,57,1
60,240,31,22,432,18,114,64,163,412,24,92,238,53,40,40,59,25,29,-1,0
59,23,111,222,245,96,80,117,26,516,133,238,33,55,157,18,1,67,31,157,1
81,10,85,19,157,134,141,412,498,17,105,53,222,35,154,5,31,154,69,50,0
150,516,77,25,29,51,157,427,99,31,40,3,141,11,84,55,75,141,-1,154,1
64,202,42,90,92,75,105,117,498,141,31,38,238,8,29,38,122,60,40,53,0
141,58,161,119,44,8,67,14,11,38,122,238,40,31,91,29,18,33,75,114,1
112,16,67,11,58,92,40,55,29,36,114,18,238,157,53,103,18,122,238,-1,1
412,236,75,102,90,25,110,420,117,106,61,84,122,53,238,114,119,8,238,1,1
150,163,53,29,121,105,60,67,16,157,84,34,238,18,90,24,119,141,75,516,0
77,126,236,7,37,75,21,44,92,238,117,17,157,122,11,114,18,122,40,90,0
122,22,115,79,117,103,16,24,113,18,57,40,31,105,119,119,31,67,105,238,0
50,18,267,3,36,19,96,23,131,117,84,58,29,53,238,53,164,31,48,17,0
96,90,64,48,201,99,516,11,136,21,157,19,114,141,10,141,245,57,31,412,0
86,26,141,84,29,22,238,412,105,59,67,157,23,53,6,19,154,17,516,114,1
516,2,42,201,67,57,154,40,18,1,141,119,19,31,8,122,236,29,134,105,0
37,113,103,24,236,254,202,245,58,432,29,14,122,157,141,114,92,18,238,134,0
85,43,61,236,141,19,222,99,267,68,24,53,245,51,157,10,67,53,122,39,0
14,43,51,42,516,21,8,238,63,59,240,157,119,67,45,11,84,57,119,60,0
63,24,11,55,81,157,143,19,31,29,90,41,516,80,53,57,119,238,113,40,1
103,236,57,240,44,8,121,40,96,1,498,245,516,64,154,23,37,63,16,53,1
53,121,157,122,498,84,36,236,40,75,89,31,64,114,154,105,6,18,99,119,1
48,497,34,498,79,20,51,126,85,38,69,40,154,92,29,29,31,117,18,33,1
429,141,13,117,6,40,34,92,19,236,31,18,238,53,16,29,28,154,516,57,0
202,86,63,102,40,432,45,64,14,429,53,18,105,23,54,57,85,122,157,67,1
53,90,36,236,27,75,96,107,412,41,31,51,69,57,113,31,113,201,122,40,1
117,34,266,222,57,86,1,498,113,267,19,84,17,51,53,53,63,29,141,254,0
21,76,201,157,245,11,54,63,90,22,420,53,2,18,119,28,119,498,86,53,0
119,150,12,61,5,25,79,163,516,18,238,75,90,157,105,92,157,90,57,238,1
141,103,498,201,39,134,62,67,157,111,222,29,18,117,122,223,119,19,31,516,0
238,21,24,92,37,53,29,1,23,19,141,18,31,202,154,11,31,157,114,84,1
64,150,25,67,99,119,75,106,91,127,238,157,267,120,68,53,57,105,98,157,0
69,240,11,18,12,15,154,53,34,48,40,29,31,117,57,38,8,33,117,29,1
412,420,99,96,113,102,89,21,23,84,141,55,122,31,119,18,67,17,53,11,0
57,238,12,50,222,236,111,60,150,101,157,113,122,18,53,38,51,157,141,45,1
23,58,516,498,143,157,24,89,55,19,245,5,122,16,119,11,84,53,17,63,1
40,96,4,154,80,58,412,29,61,254,53,59,38,18,119,141,121,240,119,105,1
44,17,103,51,24,11,131,201,222,516,18,157,238,40,31,8,7,114,31,53,1
61,54,33,267,202,102,497,432,51,86,18,238,134,29,11,31,105,17,75,119,1
31,59,103,498,62,41,53,4,254,29,238,75,18,412,122,105,51,141,119,122,1
143,29,76,103,420,9,59,69,23,96,164,18,40,238,119,238,497,57,90,157,1
236,107,1,31,8,7,10,80,37,498,29,67,12,53,90,67,53,63,11,68,1
497,420,39,51,38,57,222,53,75,157,19,122,114,24,141,84,-1,126,21,114,0
82,57,40,115,18,119,84,105,64,37,157,122,53,16,31,122,420,131,31,29,1
91,83,121,201,29,412,61,202,120,150,102,236,157,69,122,119,75,103,31,238,1
43,19,222,16,92,498,89,24,59,127,31,29,37,40,80,117,119,18,67,154,1
64,82,53,10,202,30,67,58,412,29,201,90,80,236,75,48,114,238,157,119,1
59,157,236,84,25,117,516,67,64,1,31,103,122,14,154,122,40,90,4,91,0
412,67,59,131,27,105,157,16,81,62,18,75,-1,40,31,31,18,61,53,154,1
53,104,24,21,245,91,150,412,29,79,157,1,238,141,67,31,19,134,516,75,0
89,1,15,102,24,74,18,113,16,131,154,33,157,141,11,141,-1,57,33,412,0
62,24,55,17,21,18,4,267,64,6,16,51,154,238,141,91,19,119,31,84,1
102,86,112,51,37,420,119,8,1,77,238,19,53,24,122,55,141,90,19,11,1
245,59,18,53,57,113,63,110,120,92,103,238,80,498,40,105,29,119,141,114,0
8,59,53,92,429,96,33,58,16,157,31,40,38,18,57,31,29,84,40,150,1
12,268,19,429,32,141,498,134,6,412,-1,16,31,420,105,8,157,29,122,18,0
57,81,37,5,131,412,254,421,222,157,8,32,53,122,41,14,50,84,120,26,0
83,44,104,24,29,157,267,141,222,11,5,23,53,7,64,122,420,245,45,240,1
245,107,267,164,22,53,33,78,29,90,105,141,41,157,5,31,37,63,79,114,0
117,59,157,79,96,222,412,121,31,238,90,29,53,141,122,67,245,122,119,57,0
427,141,22,90,53,432,55,122,236,106,113,1,105,154,29,202,114,119,223,1,0
37,15,79,92,238,131,110,59,164,16,103,157,96,33,141,33,18,53,29,114,0
117,67,105,79,59,119,38,92,19,267,8,516,497,31,75,516,31,238,12,57,0
61,25,96,41,64,57,516,45,236,202,37,11,157,29,38,31,223,119,29,11,1
64,268,201,122,15,18,39,19,115,35,103,29,80,157,141,57,143,98,51,131,0
114,238,1,33,110,91,24,267,150,18,127,40,154,11,31,154,157,84,75,67,1
59,3,79,53,119,236,51,11,24,111,80,31,40,28,141,31,516,33,113,29,1
59,58,61,497,498,48,34,51,16,19,67,141,105,99,119,238,114,105,119,516,1
37,86,222,141,1,60,7,498,40,23,119,105,157,64,29,31,18,28,57,80,1
122,117,45,31,18,498,141,420,61,37,5,105,39,119,29,40,91,8,11,157,1
37,45,79,157,202,22,1,19,36,412,141,84,64,90,40,64,122,7,18,498,0
222,63,103,39,57,79,236,48,412,6,157,19,75,31,40,134,141,53,67,40,1
80,19,22,497,45,15,25,9,24,7,141,238,122,11,53,105,89,122,245,44,1
61,40,154,21,59,60,62,18,53,103,238,31,57,157,516,19,497,6,29,11,0
40,420,254,163,202,55,23,18,59,89,90,157,31,29,516,29,31,90,516,122,1
21,37,74,6,28,99,1,51,79,64,33,24,31,119,105,157,11,50,122,53,0
11,67,57,267,236,4,254,412,119,75,238,90,40,122,31,497,154,38,96,53,1
59,141,61,57,18,22,64,133,74,497,31,105,63,75,157,516,29,103,117,154,0
102,412,24,42,13,40,134,498,91,19,64,103,31,11,53,238,89,157,18,420,0
420,34,119,19,133,62,84,222,266,89,245,122,43,498,238,90,75,154,51,86,0
56,29,157,103,117,412,84,126,236,141,238,75,40,11,-1,34,498,31,75,53,1
429,32,68,42,16,13,62,63,119,141,238,53,64,19,122,53,154,-1,75,23,1
497,429,48,58,8,18,75,498,43,19,90,84,105,11,40,122,11,29,157,40,1
67,12,113,75,161,112,202,412,107,141,122,58,119,157,18,238,57,31,19,40,1
131,222,60,72,40,25,18,420,8,141,38,75,119,53,31,53,90,105,92,29,0
18,40,141,24,115,498,37,150,20,61,57,38,31,119,134,59,113,7,53,412,1
79,429,120,30,223,82,412,18,238,121,31,105,154,64,122,141,57,240,40,119,0
21,143,59,17,55,51,61,24,40,41,80,53,1,141,119,67,122,29,267,121,1
45,19,81,17,412,141,1,222,163,53,238,245,58,18,40,154,90,105,516,114,1
64,516,103,89,51,222,80,141,50,25,39,157,202,238,11,67,420,157,117,24,1
432,19,21,163,238,105,17,89,222,28,157,51,119,122,412,18,516,53,157,121,1
67,57,19,223,91,34,120,222,37,238,31,55,25,29,23,53,33,86,31,498,0
16,112,64,36,67,86,29,90,25,57,119,18,103,17,53,22,238,11,201,53,1
157,16,163,222,121,60,90,59,44,96,141,31,40,240,57,27,238,245,43,40,0
143,19,67,74,497,105,498,17,112,33,11,21,157,35,80,245,53,141,11,122,1
96,412,81,26,157,61,105,110,89,64,53,245,31,119,3,141,40,18,67,31,0
516,105,81,75,412,63,17,110,112,121,31,57,80,1,157,90,1,29,84,126,1
28,238,58,429,37,17,18,40,55,254,122,96,90,105,119,122,1,31,119,121,0
59,85,28,111,222,24,112,21,89,86,245,516,11,90,119,157,53,11,122,57,1
238,164,29,266,412,18,267,102,23,90,19,157,114,91,21,31,61,111,141,154,0
53,98,105,28,67,114,89,161,64,222,40,122,31,11,117,31,122,19,157,18,1
121,17,161,29,497,63,23,19,67,1,202,141,5,157,115,105,92,420,238,31,1
29,3,1,11,516,77,31,69,89,119,157,122,91,18,134,23,19,141,412,157,1
120,18,99,68,14,240,31,21,89,238,157,19,23,53,202,11,53,74,40,134,0
17,37,50,36,18,429,54,19,40,41,11,75,102,105,53,74,157,8,53,11,0
222,254,111,17,55,90,64,117,236,240,45,126,53,202,11,115,122,58,99,81,1
17,131,62,44,202,236,99,141,134,86,119,516,55,157,53,19,11,6,29,53,0
79,516,236,105,37,40,141,17,103,81,34,238,498,48,38,61,1,25,119,154,0
90,6,44,33,21,157,268,236,111,60,63,50,238,141,92,103,18,17,238,11,0
202,143,90,104,150,201,222,45,24,59,131,122,63,141,53,119,157,29,57,122,0
63,22,17,20,57,141,161,3,23,18,53,5,245,122,99,53,29,105,157,245,0
18,27,134,62,516,122,72,40,161,96,31,141,29,113,157,105,420,31,64,67,0
150,1,89,498,24,59,58,201,61,15,11,-1,122,31,157,31,122,53,75,134,1
61,266,516,16,15,92,117,67,24,143,40,498,18,57,29,164,238,53,58,119,0
14,25,141,498,497,267,238,113,51,1,40,119,59,19,18,31,18,37,157,29,1
429,114,143,34,35,103,516,119,80,432,45,41,53,91,267,31,17,154,238,122,1
157,12,48,29,90,19,15,67,432,31,99,23,11,51,25,11,113,21,238,119,1
24,18,92,33,115,99,202,412,516,57,89,51,25,23,157,53,11,498,31,75,1
29,4,60,267,516,432,238,126,18,76,119,31,84,40,90,117,8,154,61,31,1
36,79,29,42,14,17,61,5,58,202,201,103,31,141,157,157,75,12,48,119,0
254,25,202,36,91,92,117,61,77,67,122,29,141,63,31,45,157,51,119,90,0
19,23,12,45,498,90,53,164,22,80,141,67,157,75,238,31,16,238,119,24,0
19,10,133,90,240,63,3,64,40,22,31,55,238,141,53,238,154,91,57,119,0
79,96,117,157,67,59,51,103,3,41,141,29,113,105,8,40,19,141,91,119,1
245,98,45,21,102,150,64,202,40,238,122,28,16,18,157,57,157,122,18,119,0
238,99,17,89,5,21,3,122,203,90,24,6,23,64,53,7,157,53,42,67,0
79,201,23,236,61,53,29,157,150,81,105,58,238,51,420,59,75,1,10,31,1
18,81,12,62,27,154,498,84,201,126,17,-1,105,122,11,61,157,11,122,31,1
53,41,61,236,203,25,2,103,121,21,114,11,29,412,1,122,157,120,31,-1,0
412,64,202,3,90,114,34,498,48,516,122,31,119,420,157,24,57,11,143,157,0
122,42,81,19,40,50,133,103,412,20,51,75,53,57,31,18,80,7,57,105,0
64,56,81,5,432,99,202,91,23,131,31,45,16,154,90,245,57,63,53,75,1
5,161,67,157,89,37,21,102,58,115,57,-1,105,106,238,18,51,84,141,29,1
120,45,157,69,51,81,267,6,113,112,90,223,19,40,53,19,18,420,11,119,1
134,111,64,6,18,34,89,2,41,81,40,119,53,157,31,412,126,51,157,53,0
5,67,40,420,34,131,236,497,157,106,122,84,31,18,105,119,134,75,238,84,0
268,117,141,516,202,67,76,79,78,86,99,91,122,119,5,11,105,420,245,157,1
16,85,67,64,91,115,78,23,29,17,516,238,412,51,157,498,18,83,141,105,0
106,85,18,16,41,202,64,412,57,103,21,114,53,31,134,498,238,11,157,91,1
1,19,11,18,25,45,23,3,4,202,31,78,57,84,24,53,236,67,141,238,1
90,27,63,19,104,67,57,164,134,117,17,103,23,154,25,31,516,143,122,75,0
121,78,223,21,157,202,99,25,106,62,11,53,412,122,203,23,38,40,10,19,1
154,1,25,133,22,96,412,63,64,54,84,86,19,122,53,29,86,24,223,157,0
25,64,45,57,222,90,150,32,1,21,18,55,53,202,420,114,59,75,53,119,1
68,245,106,29,63,267,75,62,105,18,122,119,23,238,51,119,86,40,31,45,1
202,31,90,79,143,412,154,69,67,58,40,134,91,119,141,141,29,57,75,114,0
32,1,80,81,12,48,103,67,117,141,412,63,31,122,29,90,119,59,238,31,0
202,17,91,57,86,92,69,31,412,18,11,53,8,55,161,11,119,105,126,25,0
99,154,67,40,27,11,2,96,16,268,59,19,18,157,41,98,51,29,157,57,1
202,86,45,89,141,54,29,157,117,103,24,516,17,119,31,223,23,75,53,31,1
37,21,111,61,67,58,201,96,10,50,32,25,40,103,154,11,141,53,92,154,0
21,1,141,236,98,81,432,61,254,157,516,75,113,31,53,143,134,55,18,245,1
29,102,39,53,238,17,67,99,157,141,119,91,24,40,497,28,41,57,59,11,1
29,115,24,57,40,27,19,143,161,498,51,122,31,53,119,18,157,516,81,105,0
24,40,55,18,80,51,26,56,63,75,31,67,154,157,107,57,236,53,498,64,1
16,45,96,19,75,58,90,21,79,267,201,238,40,141,80,29,53,31,18,11,1
18,32,4,40,64,33,267,67,133,8,28,105,53,141,84,29,53,238,31,119,0
26,114,141,245,67,163,497,498,11,58,120,25,23,122,201,31,90,119,150,238,1
115,114,111,121,81,29,5,101,75,44,53,122,31,157,57,19,238,59,90,57,1
25,39,67,74,11,111,21,75,115,33,64,90,89,134,51,17,222,122,498,5,0
37,51,24,61,33,103,2,86,67,117,38,498,412,238,75,31,18,122,157,40,1
105,16,54,29,4,67,136,63,11,80,40,223,157,238,96,31,57,38,53,18,0
161,85,121,61,67,38,5,18,23,1,57,32,6,29,113,113,157,238,105,122,1
33,516,115,119,44,121,37,13,31,202,51,113,40,157,238,16,75,157,122,238,0
59,53,48,163,222,101,516,12,202,11,113,24,119,41,38,19,40,157,119,18,1
37,202,141,64,161,117,53,77,21,17,245,222,84,119,122,157,24,74,268,11,1
19,122,161,110,67,150,223,18,34,36,154,57,61,31,59,33,16,90,31,40,0
238,23,16,18,203,38,498,89,39,19,17,40,11,1,31,119,53,31,105,55,1
516,21,99,16,33,202,238,106,80,143,119,105,23,31,117,498,27,40,31,141,0
25,99,41,119,9,254,111,202,30,150,58,60,412,238,53,236,80,157,516,412,0
25,51,23,34,56,105,111,202,57,58,17,53,119,11,6,22,18,412,17,157,1
89,113,115,67,122,105,35,21,516,223,420,74,18,31,55,498,42,53,86,19,1
236,89,59,238,141,61,106,58,37,18,143,117,119,113,154,40,16,122,157,53,1
21,98,267,61,19,11,42,110,23,40,420,223,18,103,141,58,91,157,31,18,1
21,32,25,27,103,498,99,79,412,19,29,6,119,18,90,117,31,122,82,57,1
161,41,157,29,79,16,22,114,63,102,113,-1,31,75,119,119,57,498,10,30,1
122,67,10,43,3,412,34,105,18,121,90,23,21,31,53,92,119,141,63,84,1
9,412,18,75,13,112,58,29,40,131,119,154,19,11,23,238,432,157,31,114,0
18,134,201,11,54,53,20,48,69,22,105,114,157,57,28,29,105,75,516,40,1
89,67,203,79,99,38,119,58,5,497,55,51,238,157,11,141,164,81,86,91,1
141,85,53,21,31,245,157,117,516,96,119,122,105,50,25,238,19,75,11,119,0
18,19,69,44,126,40,11,91,1,21,157,16,102,238,114,31,122,53,201,29,0
1,53,141,22,32,254,18,25,79,497,67,157,28,91,105,-1,157,29,114,89,0
141,31,27,44,29,111,22,89,157,19,154,24,57,119,53,18,5,51,1,75,1
53,24,1,119,14,222,23,45,497,64,134,31,427,25,58,29,92,141,223,157,1
81,104,497,429,516,90,113,99,18,54,103,157,59,41,45,57,53,238,19,245,0
29,6,11,223,157,33,412,8,18,90,141,240,80,35,64,154,51,86,63,53,0
4,111,498,57,141,236,92,32,43,41,150,53,238,21,114,31,1,126,157,121,1
122,92,4,236,37,40,110,245,80,5,33,157,67,498,238,412,141,516,18,7,1
18,24,48,143,99,245,16,23,113,22,53,420,75,72,238,101,122,105,31,75,0
266,429,412,157,17,92,136,96,45,102,80,75,90,63,19,432,86,75,53,238,1
126,18,61,79,90,238,421,26,10,21,119,38,121,40,57,33,57,44,29,51,1
516,24,498,26,45,56,58,85,22,44,157,412,75,18,245,57,31,11,5,420,0
42,9,89,48,86,78,11,53,67,112,154,122,105,516,-1,54,119,105,498,122,1
99,62,516,11,498,141,53,29,4,17,89,84,1,90,31,122,-1,64,119,84,0
21,89,34,11,111,75,236,79,13,497,24,3,19,18,64,164,122,141,18,36,0
122,161,2,89,119,59,29,141,267,112,498,51,90,121,516,31,113,64,516,134,1
110,150,112,143,141,254,498,497,516,55,18,57,53,59,39,105,40,154,31,122,0
43,141,150,29,131,22,103,28,58,111,122,119,31,11,157,24,31,18,40,122,1
141,38,22,16,62,14,24,57,238,15,18,40,34,31,53,18,113,119,157,117,1
420,81,76,432,112,163,16,121,67,92,19,105,31,57,157,141,58,53,238,40,1
29,238,68,40,121,75,53,131,157,202,92,8,90,33,31,119,516,57,31,90,1
222,31,106,90,412,48,82,67,40,115,57,122,117,119,157,117,157,113,134,53,0
61,113,53,6,29,18,497,99,64,126,31,122,114,84,119,154,141,57,1,40,1
51,104,92,55,16,43,110,13,150,19,18,141,57,119,53,57,75,31,24,67,0
53,61,59,18,86,67,516,60,16,34,119,40,31,19,105,105,1,92,40,23,1
222,150,8,141,267,37,19,21,126,157,75,57,18,420,31,201,40,75,57,119,0
420,18,267,57,81,157,14,19,236,25,238,29,55,31,80,39,119,141,7,55,1
19,150,45,18,16,11,99,75,40,22,38,238,51,53,122,91,51,53,141,24,0
267,25,119,35,75,17,236,89,24,245,11,1,80,122,53,23,141,107,126,51,0
113,114,79,202,157,119,92,134,89,420,122,59,40,90,64,55,23,40,3,90,0
79,67,35,86,412,126,54,157,498,40,18,113,11,29,6,29,131,90,31,57,0
126,91,9,99,67,18,61,58,154,40,31,113,516,236,51,53,157,103,33,92,1
498,31,89,86,79,58,61,497,236,19,57,103,51,53,122,157,412,154,119,17,1
2,51,412,115,31,19,15,53,18,240,157,122,119,102,57,29,11,238,86,1,0
22,2,58,131,89,40,57,236,5,4,68,122,11,90,12,114,90,53,29,64,1
103,236,98,14,28,412,222,5,23,238,57,164,516,157,119,40,29,119,75,141,1
33,44,18,103,86,75,89,119,81,154,17,53,122,157,238,114,34,61,157,105,1
51,201,90,104,58,91,113,59,236,81,122,114,31,238,18,117,105,63,40,238,0
114,89,222,1,29,141,63,40,22,80,51,238,117,103,31,157,31,105,75,67,0
59,40,15,90,56,201,19,14,18,112,141,64,1,84,238,57,122,134,29,51,0
81,90,23,17,99,29,11,45,150,12,31,122,57,92,1,31,101,15,201,24,0
17,4,104,119,16,111,29,24,103,54,67,238,55,75,157,90,134,122,11,18,0
98,421,202,4,16,26,498,58,8,19,31,21,29,57,119,114,57,29,53,157,1
3,25,59,51,92,23,202,81,40,111,157,53,119,31,154,18,31,122,34,119,1
267,254,18,103,39,91,133,53,96,60,55,29,141,31,59,119,33,31,40,22,1
113,103,89,18,24,1,121,111,222,131,51,141,429,12,516,19,67,84,122,154,1
56,240,157,429,516,84,39,67,432,254,28,24,164,11,6,122,91,126,238,19,0
101,497,64,429,27,143,59,29,126,161,67,53,40,99,31,105,238,498,75,119,1
45,16,164,15,33,23,5,40,202,61,38,11,53,57,157,55,516,31,141,57,0
86,99,429,32,25,79,38,81,497,50,53,122,24,119,59,29,31,75,141,114,0
37,113,222,23,103,202,59,54,45,16,58,40,18,91,119,119,31,154,-1,38,0
110,59,4,16,120,236,78,141,267,99,55,57,238,29,18,40,35,53,68,134,1
266,157,37,17,21,236,92,267,238,77,90,31,53,18,432,40,31,57,245,53,1
84,68,59,267,202,25,67,141,245,58,6,90,53,18,23,15,80,157,89,53,0
222,412,516,23,84,75,74,63,19,29,7,105,119,61,55,120,53,105,122,245,0
222,111,4,11,6,75,141,1,51,98,18,16,99,122,5,105,122,498,67,19,1
222,64,31,105,201,238,11,63,122,18,40,57,33,53,157,67,157,119,53,412,0
412,254,202,245,27,141,37,236,23,61,157,113,18,238,119,122,119,64,57,29,1
45,32,78,99,21,1,81,63,62,150,31,11,154,57,122,245,18,17,51,119,0
111,18,131,38,516,89,122,15,102,13,31,91,29,154,53,19,31,157,75,53,1
18,122,412,154,61,91,80,43,236,32,157,267,75,45,114,498,238,1,57,-1,1
120,114,67,99,267,92,53,7,11,236,31,238,119,24,40,40,38,57,31,29,1
42,57,201,19,96,28,222,245,40,114,117,33,29,119,122,79,16,119,33,412,1
59,64,222,55,412,29,238,98,33,17,31,122,51,90,75,53,31,18,57,67,1
57,96,516,412,61,245,40,64,236,31,238,1,-1,157,18,120,122,141,119,154,0
64,4,110,150,412,37,57,67,427,1,119,40,19,141,38,40,29,31,18,154,1
99,14,122,29,37,25,236,33,58,161,40,31,157,238,53,119,53,238,23,31,1
15,57,81,254,111,59,53,103,23,22,122,154,238,92,1,1,412,80,238,154,1
45,86,119,163,11,35,131,21,41,99,89,126,29,31,75,53,105,122,92,57,1
157,11,498,34,12,81,40,4,64,126,23,31,114,59,18,119,131,18,516,141,0
30,163,201,113,236,429,60,53,61,157,18,40,75,57,6,40,119,55,31,29,0
18,516,203,114,245,141,69,64,27,202,40,238,29,154,157,157,412,67,122,35,0
63,106,57,89,15,53,5,51,7,75,122,19,62,157,40,35,119,222,157,122,0
26,19,57,7,51,92,222,238,113,16,17,119,516,1,53,114,157,105,516,45,1
18,134,421,40,57,24,240,268,412,15,37,157,122,53,117,516,141,31,75,38,1
92,51,37,4,33,20,8,222,101,201,-1,34,16,-1,119,59,40,105,57,202,0
29,57,16,164,4,157,429,48,412,3,90,31,141,64,114,119,105,82,238,122,0
40,516,32,119,41,15,238,78,111,60,31,157,202,19,18,53,114,86,19,31,1
238,82,48,67,40,412,29,245,157,141,222,53,57,55,154,18,90,11,31,57,0
254,30,16,81,8,45,222,5,497,32,40,84,41,53,11,122,157,117,24,201,1
163,254,57,29,157,114,30,67,53,19,91,18,122,55,238,11,238,18,516,103,0
157,421,84,16,110,68,117,202,19,238,31,141,119,113,40,29,53,96,61,18,1
111,245,59,37,29,202,99,126,103,11,157,1,18,53,67,516,238,119,67,4,1
3,22,99,11,112,43,39,19,67,157,131,34,23,238,18,40,31,57,33,63,1
119,157,38,223,131,79,412,240,67,238,57,141,59,53,114,18,141,114,31,58,0
35,23,15,37,99,38,51,53,141,27,122,1,119,18,64,122,238,516,12,157,0
516,61,29,121,75,32,18,34,58,37,27,105,122,1,25,154,51,141,122,103,1
21,412,75,154,1,121,134,82,266,498,45,11,105,53,19,32,9,122,53,99,0
40,61,5,22,2,58,105,76,18,89,119,31,39,11,53,154,53,238,157,12,1
29,63,31,28,89,5,57,412,119,103,141,18,33,113,92,117,157,40,75,90,1
58,121,16,222,157,105,236,117,516,62,31,59,19,75,57,141,18,223,85,29,1
7,412,29,54,79,202,131,17,141,201,421,105,119,24,223,238,105,23,31,56,1
141,157,99,110,98,58,497,55,24,29,3,86,35,31,11,412,102,11,40,38,0
102,222,84,40,83,99,11,114,110,103,25,122,119,113,33,24,31,122,48,19,0
33,75,63,3,18,157,37,86,64,22,240,105,117,67,119,150,90,51,53,164,1
92,161,67,113,516,497,31,222,7,122,40,57,29,11,105,33,40,55,119,38,1
17,99,22,412,5,58,105,222,16,50,53,238,119,114,45,157,126,57,245,11,1
99,421,18,24,17,267,163,516,81,8,238,31,29,117,16,31,113,11,53,91,1
61,18,40,57,122,113,42,117,24,21,31,33,19,154,48,141,29,31,268,119,0
131,25,21,236,6,516,245,119,111,79,202,17,420,55,157,157,122,201,78,107,1
75,12,4,62,96,498,112,141,89,27,122,113,40,29,80,516,84,76,19,38,1
80,78,18,412,127,3,64,91,236,44,498,516,67,119,84,32,122,31,53,90,0
40,59,81,23,99,516,201,236,24,38,53,157,238,84,32,122,141,51,5,31,1
21,34,121,92,89,19,141,412,202,236,90,40,57,157,54,37,122,39,40,516,1
96,69,5,78,31,17,11,222,99,45,51,141,420,1,53,23,75,105,21,24,1
222,40,121,48,38,57,267,18,58,103,29,53,497,119,63,238,122,53,31,105,1
222,79,92,40,245,63,78,29,238,59,57,141,134,51,31,8,412,57,67,14,0
38,202,150,25,60,30,238,33,498,412,201,59,157,114,40,18,40,154,75,57,0
19,238,74,37,15,75,117,45,18,121,141,53,245,119,157,114,105,119,157,40,0
36,429,23,53,268,38,141,40,222,80,28,19,83,18,119,119,92,103,29,17,0
38,201,18,60,75,85,79,17,498,267,119,122,40,157,105,53,1,31,63,122,1
62,245,81,32,59,121,222,23,91,117,18,31,43,57,157,17,157,119,51,53,0
10,18,131,31,14,236,412,77,23,45,141,59,29,57,11,68,59,11,119,91,0
21,59,2,8,26,141,99,53,157,236,29,122,91,119,25,7,245,17,58,25,0
102,67,12,8,157,15,412,69,104,39,31,238,59,18,154,31,117,75,40,154,1
32,222,238,157,12,81,141,45,23,115,18,122,11,154,104,103,122,86,53,31,1
117,61,67,11,59,122,236,60,238,16,497,40,113,53,29,157,31,33,57,113,1
238,58,21,32,267,18,37,254,1,86,91,90,17,157,53,89,53,122,80,105,0
22,113,53,245,39,81,26,23,45,98,114,18,86,134,122,11,57,89,3,157,0
55,17,121,96,78,90,22,141,122,412,516,117,40,31,36,53,119,31,516,40,1
117,18,24,78,61,6,103,104,498,16,40,122,33,29,126,75,91,40,57,41,1
103,92,19,99,22,98,240,113,18,91,141,86,32,238,53,57,67,23,141,122,0
22,150,12,19,29,23,67,101,20,44,516,31,105,238,57,57,136,157,1,51,0
44,119,56,131,516,23,32,432,21,105,201,122,58,19,89,75,11,122,89,141,0
150,141,103,40,222,12,4,79,81,68,16,18,64,75,57,18,64,29,90,31,1
35,1,31,99,22,222,103,80,106,53,134,238,23,11,63,64,105,27,32,11,1
161,91,18,55,33,40,266,31,17,119,53,19,64,154,90,105,53,420,57,157,1
60,37,4,119,20,23,222,238,57,117,498,105,157,18,80,412,31,18,16,114,0
136,40,67,33,58,117,96,141,134,516,18,31,238,90,119,16,238,31,157,113,0
45,32,18,40,150,60,14,21,412,245,11,103,7,53,141,19,23,122,429,238,0
498,106,2,37,105,67,89,57,69,150,154,141,114,31,18,238,236,29,516,114,1
4,18,48,102,44,74,268,53,120,498,29,55,40,134,57,20,119,105,31,154,0
157,119,267,105,59,121,90,202,150,12,40,412,141,516,24,57,31,16,67,29,0
111,157,105,222,10,141,29,45,238,9,57,131,119,117,103,61,18,32,86,89,1
92,103,22,53,24,34,67,89,11,122,18,-1,40,157,117,105,18,29,134,6,1
238,498,497,154,6,60,22,117,101,92,141,40,157,57,122,57,105,58,53,141,0
133,412,21,245,91,98,18,12,33,105,103,67,157,40,119,122,90,31,114,119,0
92,67,33,16,112,102,98,40,51,157,103,31,75,57,90,64,18,31,53,113,1
1,31,37,5,236,22,75,45,105,203,11,141,21,245,238,89,516,119,157,238,0
51,131,267,113,5,74,79,201,157,81,67,238,29,114,202,89,90,19,75,29,1
427,44,82,90,18,157,31,59,67,40,119,412,91,29,24,57,143,113,53,16,1
92,19,29,40,55,91,516,498,16,59,412,113,31,33,157,119,57,79,157,33,1
91,16,85,202,141,117,42,18,54,28,79,75,31,122,114,57,59,22,79,90,1
22,24,23,245,50,76,75,131,18,19,157,238,31,67,53,141,33,122,420,119,1
157,31,22,40,103,117,25,15,122,238,91,18,67,119,27,75,-1,141,114,53,1
202,40,7,126,31,35,22,58,412,34,122,103,29,105,57,150,238,29,18,1,0
1,131,412,21,75,498,53,85,238,104,86,18,105,516,31,157,33,51,23,67,0
53,157,19,83,96,91,25,236,516,32,57,61,29,31,105,40,141,105,92,16,1
29,412,121,90,58,86,8,201,67,141,40,516,16,60,119,31,55,57,119,16,1
102,4,126,40,119,62,79,103,29,412,105,157,57,113,31,105,31,11,80,429,0
432,57,99,141,18,222,201,75,59,38,37,117,24,119,122,119,90,1,157,28,1
92,236,25,61,77,3,41,157,89,110,141,17,55,53,245,119,11,24,105,67,0
15,53,105,39,427,203,98,48,429,8,114,91,40,164,121,122,11,84,516,6,1
69,39,201,59,21,236,12,18,121,103,34,57,38,154,141,29,141,105,119,38,0
50,8,37,29,24,11,67,267,122,134,84,141,19,34,119,40,429,141,157,79,1
223,64,90,157,18,498,59,31,55,16,154,238,119,40,75,103,238,40,122,57,0
120,67,53,61,114,16,161,24,202,60,11,105,29,5,31,18,412,31,6,157,0
202,267,134,420,33,1,498,17,516,16,53,75,122,90,18,-1,122,63,238,51,1
143,22,236,122,80,420,113,157,18,43,75,154,53,103,119,238,63,83,154,117,0
37,498,254,61,58,43,122,1,121,67,31,57,53,24,119,238,19,154,114,53,0
164,105,40,119,5,53,143,31,18,23,122,80,429,51,64,432,25,157,420,122,0
81,266,5,12,110,161,24,236,3,17,79,105,516,29,63,18,157,53,238,11,1
37,134,75,86,22,11,157,29,89,90,28,202,119,84,54,59,119,238,57,91,0
236,107,99,141,40,143,121,1,58,18,429,44,117,57,114,157,29,113,38,23,0
67,37,63,82,24,64,53,238,31,202,42,11,51,75,29,78,11,122,157,131,0
141,238,96,117,498,14,17,497,35,119,114,105,31,90,8,67,29,18,516,39,1
103,5,37,27,222,18,3,19,497,59,67,29,53,157,17,85,1,238,33,31,0
5,25,29,58,17,45,23,141,9,222,18,55,53,19,157,24,238,21,420,122,0
99,254,412,236,150,429,89,33,57,245,31,59,141,119,238,141,1,40,6,238,0
245,12,24,67,17,63,122,5,51,43,157,18,31,19,11,119,7,157,57,154,0
53,266,18,59,115,516,267,4,21,24,238,19,25,157,40,114,90,29,31,119,1
103,51,267,420,141,7,67,154,497,57,38,40,122,238,53,11,105,29,54,238,0
81,16,38,106,75,12,99,15,126,421,11,53,51,31,157,90,1,119,40,122,1
53,24,22,61,11,45,17,67,77,63,119,238,157,31,12,51,40,238,114,157,1
26,202,79,238,5,19,85,157,18,25,64,31,80,51,89,122,119,75,53,90,1
35,92,412,105,202,222,121,53,497,38,57,80,11,141,31,31,51,238,11,141,0
18,58,53,55,117,32,92,157,412,51,40,31,119,238,105,31,57,4,19,33,1
201,18,10,33,99,48,103,32,43,67,40,57,105,31,245,53,238,75,63,119,0
141,99,157,54,236,96,64,92,63,412,67,11,38,18,498,119,23,90,238,80,0
61,68,110,16,62,40,18,75,8,141,238,119,90,114,11,119,11,31,122,154,0
131,412,77,236,62,164,67,516,63,53,40,122,119,31,141,50,238,105,141,103,1
122,245,201,78,15,29,17,5,43,63,119,105,50,55,31,516,84,11,498,51,0
29,23,157,35,497,412,67,63,11,17,5,119,84,164,1,18,101,92,238,25,0
222,497,54,33,61,157,236,98,421,9,40,24,75,31,141,31,105,126,131,53,0
45,238,133,39,202,25,20,24,498,157,53,48,90,119,54,119,92,122,240,420,1
61,51,267,14,141,222,55,64,17,412,53,57,16,11,117,67,29,19,31,40,1
67,267,102,101,24,92,103,412,59,18,238,23,11,31,119,141,157,25,84,91,0
12,104,55,17,498,238,236,33,74,40,92,31,119,154,267,113,64,154,89,90,0
11,54,498,134,497,16,421,92,67,103,113,238,31,157,114,78,154,117,59,40,0
67,3,85,16,11,37,84,254,50,236,516,141,18,40,238,105,90,63,7,157,0
75,22,44,4,78,60,31,51,79,236,112,122,40,113,238,516,59,18,40,64,1
86,37,23,85,18,55,22,33,516,40,31,-1,11,24,53,119,157,24,53,7,0
86,29,19,38,16,106,99,35,17,222,114,122,40,18,53,59,157,11,2,238,1
150,29,53,64,157,59,89,81,141,28,31,103,119,18,51,516,122,245,11,31,0
98,131,429,81,23,78,18,79,103,516,4,17,31,119,29,157,11,53,36,154,0
4,44,92,64,67,76,36,119,112,90,25,40,58,141,131,41,266,238,75,18,1
16,7,29,67,75,81,32,25,202,91,31,141,150,238,28,84,119,18,40,6,0
136,222,57,40,75,51,80,1,64,53,18,31,8,38,59,96,113,55,31,29,1
245,106,39,10,96,21,102,44,157,105,11,63,18,498,134,99,25,58,53,24,0
16,420,161,104,15,81,99,28,12,150,90,67,497,203,133,31,238,154,90,69,1
432,69,254,150,202,67,516,99,53,17,29,31,119,238,40,31,29,141,75,238,1
19,51,101,86,516,57,89,96,141,69,17,238,245,157,39,105,84,31,18,33,1
29,84,59,40,238,105,60,21,6,143,157,119,31,412,53,90,37,157,18,57,0
11,420,7,89,21,86,5,29,25,105,17,53,238,119,75,53,38,122,245,238,0
111,113,98,67,157,90,38,24,161,18,61,238,11,119,84,57,245,11,53,41,0
40,41,18,141,8,112,62,48,44,222,157,57,53,122,223,31,53,63,157,238,0
57,141,238,18,412,4,113,117,92,29,516,105,122,223,119,157,31,40,119,122,1
203,103,497,498,126,16,21,26,83,121,119,40,31,57,105,18,141,92,53,157,0
202,117,131,157,141,18,99,12,23,86,19,90,29,33,53,25,58,63,119,84,0
18,42,57,23,497,58,267,35,163,498,59,75,238,31,21,122,31,412,29,429,1
150,99,110,9,61,122,40,15,33,38,-1,105,114,31,238,53,91,1,117,31,0
90,58,222,89,32,41,67,69,40,203,516,11,117,114,113,24,84,119,31,254,0
29,53,31,238,240,498,516,112,114,120,245,11,92,119,86,57,25,122,157,18,1
245,29,90,36,201,53,32,222,115,83,24,55,31,238,19,157,119,63,238,114,1
31,98,67,99,89,34,37,236,48,80,28,113,412,420,245,21,86,53,157,101,1
84,98,11,53,202,15,267,79,13,31,25,157,18,24,122,238,55,12,114,2,1
51,75,59,245,267,1,18,92,412,141,157,113,40,31,103,40,497,58,119,90,1
133,154,119,80,34,63,23,238,53,29,18,89,105,62,91,122,17,141,50,157,1
245,122,141,18,412,119,12,90,120,75,238,55,16,31,24,16,31,11,157,19,0
117,11,86,34,222,154,74,91,21,59,33,40,57,18,67,18,141,157,84,16,0
236,54,40,112,57,120,115,24,267,67,29,55,31,119,43,113,75,122,53,10,0
420,67,105,5,412,99,19,12,81,122,11,31,238,157,34,64,238,53,114,18,1
58,53,498,11,131,74,19,157,222,412,31,84,119,240,23,24,40,120,119,516,1
497,11,17,112,498,29,157,31,59,267,38,58,40,75,141,141,238,28,119,18,0
7,41,236,497,78,104,67,53,154,115,58,420,33,31,119,84,62,516,1,119,0
222,127,84,53,48,21,17,37,62,57,157,240,5,119,498,80,122,157,18,141,0
79,223,57,91,81,58,131,110,412,62,268,25,154,63,53,53,40,420,6,103,1
58,63,67,421,238,157,154,75,498,516,113,53,92,105,29,40,17,11,29,114,0
44,11,157,55,236,21,74,43,23,245,18,122,103,35,53,120,1,29,35,516,1
48,429,131,78,236,25,79,24,498,497,157,17,54,18,164,29,40,-1,154,80,0
133,26,98,79,161,121,24,268,25,21,111,119,412,11,53,122,103,67,516,6,1
82,61,79,498,16,64,18,43,91,122,119,141,57,412,102,24,40,11,75,31,0
90,161,429,45,120,67,99,25,39,5,114,18,31,21,53,18,84,122,53,516,1
11,143,110,238,31,63,19,236,85,157,105,497,18,154,53,1,119,122,27,64,0
63,498,75,497,154,18,59,412,3,141,157,238,40,119,134,31,23,126,84,24,1
99,85,412,113,498,126,18,64,39,12,31,29,119,84,75,429,3,119,19,53,1
22,37,112,98,120,150,498,113,238,412,40,141,8,59,90,29,18,31,67,40,0
202,64,7,37,420,41,103,254,498,20,157,114,40,245,104,154,31,40,-1,238,1
28,429,17,90,89,38,412,31,254,498,29,57,53,117,40,18,96,121,40,516,0
99,164,15,154,31,32,238,429,85,89,25,63,119,131,12,75,51,122,498,53,1
78,2,161,15,35,18,11,38,40,92,105,154,33,64,57,105,119,53,57,157,0
90,31,67,111,106,121,12,29,238,59,497,48,40,105,117,236,40,24,105,53,1
16,131,2,516,498,91,67,161,106,122,81,236,75,141,157,12,154,11,-1,18,0
134,19,12,23,22,267,67,64,4,17,40,105,150,31,63,103,75,245,154,53,1
37,150,21,254,43,40,45,86,110,50,268,67,119,18,19,141,122,10,157,119,1
82,56,67,63,99,1,19,80,51,412,105,119,17,11,31,31,5,201,238,90,0
67,24,12,4,141,40,41,79,498,34,84,31,8,117,11,16,18,38,29,92,0
222,40,131,23,122,134,420,5,37,18,25,31,19,11,119,119,31,238,83,53,0
201,78,420,119,115,203,53,202,14,112,16,31,245,1,63,105,61,157,84,16,1
18,120,53,92,131,105,20,57,21,1,119,238,31,420,154,113,245,126,29,31,0
75,9,89,236,30,8,119,11,412,122,91,114,19,23,157,24,67,53,238,19,1
59,497,29,86,61,238,85,117,33,18,11,157,53,16,31,154,157,31,40,84,0
497,245,29,75,36,67,19,122,45,78,161,40,157,238,31,51,17,81,34,112,1
8,44,31,67,98,19,150,81,37,38,119,25,122,157,96,18,29,75,91,11,1
24,84,5,67,497,17,80,29,74,59,134,53,83,245,154,11,91,222,105,122,0
86,238,53,23,236,21,245,143,203,17,103,99,67,63,5,157,105,19,18,11,0
99,19,429,40,59,80,117,202,157,35,268,134,17,119,53,91,240,119,114,67,0
43,15,103,48,254,62,16,96,24,84,157,90,40,23,105,5,80,18,29,157,0
157,429,20,201,122,43,92,28,45,202,80,31,29,18,40,119,16,18,79,53,0
99,412,67,122,141,119,75,57,32,86,19,90,113,23,157,238,21,17,154,105,1
39,40,96,1,120,18,25,236,11,54,59,75,12,119,74,31,53,141,17,29,1
67,254,40,238,82,240,121,498,63,61,64,141,154,57,105,122,57,84,432,31,1
412,429,90,64,80,114,59,29,16,245,113,23,238,141,92,57,119,53,40,31,0
96,68,107,103,89,19,53,21,236,98,412,238,119,-1,157,67,11,238,126,58,1
421,4,150,222,12,43,98,18,59,134,122,113,40,516,1,154,75,24,157,40,0
30,121,40,39,18,141,23,161,202,412,57,154,29,63,90,120,31,103,17,75,0
157,412,11,119,55,421,51,61,74,40,84,67,141,38,238,57,18,238,141,31,0
245,238,40,236,57,202,141,267,25,240,29,84,31,122,157,157,105,154,18,31,1
59,412,11,110,127,141,55,54,497,81,113,119,92,1,45,18,64,40,67,29,1
157,1,236,104,245,57,74,516,14,21,53,80,86,141,29,103,24,16,154,202,1
33,18,82,40,126,62,37,245,29,121,38,157,31,57,105,134,105,31,75,57,0
134,111,68,222,11,89,91,19,22,6,51,33,57,157,5,114,498,67,1,55,1
21,31,254,99,6,50,67,33,91,40,19,238,18,201,23,157,102,267,18,5,0
84,44,236,113,103,45,32,67,31,161,11,19,114,119,245,119,126,157,17,53,0
18,106,105,150,37,516,25,79,254,202,114,53,245,107,11,31,92,58,57,141,0
112,150,18,267,62,11,111,44,236,119,53,28,31,120,63,84,31,33,29,27,1
83,89,11,245,18,497,33,105,498,24,31,157,67,119,99,57,90,53,75,141,0
11,19,112,67,111,236,412,74,81,121,59,103,40,99,202,238,40,122,16,126,0
110,105,3,19,44,412,54,62,61,498,18,133,236,53,245,157,-1,86,51,83,0
29,157,36,267,3,55,106,19,236,122,75,516,105,34,24,16,24,31,53,1,0
106,114,103,236,57,18,1,77,157,91,516,17,31,238,11,51,102,53,84,48,0
134,75,44,33,22,81,113,2,99,103,53,67,23,238,154,18,19,238,122,222,1
412,92,21,126,77,429,45,141,61,58,238,31,122,35,53,157,122,51,143,74,0
90,133,498,62,37,126,55,18,76,143,53,412,105,64,80,51,16,31,516,412,0
11,37,141,202,13,57,62,63,104,29,19,157,67,61,53,154,31,105,50,6,0
9,157,62,25,81,64,222,114,103,21,516,90,119,18,134,92,80,119,31,238,0
16,29,31,45,122,15,7,23,37,19,157,110,119,55,90,141,157,245,238,11,1
201,67,86,24,238,15,59,420,111,99,23,51,17,63,33,23,75,117,157,119,1
69,92,56,12,51,432,157,41,115,33,75,53,119,29,58,24,27,40,63,31,0
222,117,69,48,157,21,45,27,113,44,61,12,55,119,122,201,53,75,141,31,0
84,24,62,18,201,39,32,37,25,15,157,6,51,412,114,31,114,35,53,119,0
121,45,75,498,44,126,43,141,202,89,516,157,122,117,40,238,96,40,31,57,1
21,127,84,77,58,80,254,161,91,29,17,122,157,119,89,53,122,245,11,141,1
35,99,67,24,75,31,157,22,412,11,119,17,122,86,103,63,420,141,136,53,0
161,245,51,86,141,412,32,115,11,21,122,53,119,420,38,34,238,57,119,122,0
104,4,412,75,29,18,11,40,516,103,3,19,57,157,105,57,238,31,7,154,1
18,99,80,40,5,103,79,126,111,202,28,11,134,64,51,75,122,157,29,131,0
37,50,236,84,60,421,61,58,110,497,141,117,154,105,40,31,157,18,29,154,1
28,38,122,236,12,29,134,78,1,64,45,18,154,84,31,16,11,6,45,24,1
4,92,80,498,43,57,117,22,141,157,23,29,31,119,40,84,238,31,23,36,1
143,86,254,267,18,34,64,23,16,119,105,11,10,238,51,113,55,11,31,29,1
266,32,245,267,119,21,412,103,6,19,18,53,238,516,11,11,154,53,31,36,1
516,157,81,412,59,115,113,222,53,150,31,154,29,84,57,40,143,31,28,57,1
40,141,134,110,62,4,19,53,67,58,18,31,61,238,122,17,90,23,18,119,1
134,86,12,29,141,16,11,119,26,57,40,96,18,122,24,75,157,9,31,23,0
69,107,412,222,54,64,29,266,1,53,154,90,19,18,122,24,157,516,57,31,1
29,83,40,61,23,117,119,69,245,420,90,24,31,53,19,154,11,18,45,105,0
134,53,50,51,24,21,59,25,2,267,23,119,238,157,75,61,122,11,131,497,0
40,27,64,202,42,92,59,81,134,37,29,18,33,31,238,119,497,113,38,31,0
41,61,96,64,44,40,131,28,222,157,18,31,80,1,67,79,29,57,19,59,0
19,2,26,29,112,61,427,67,17,412,119,84,31,157,238,80,154,516,57,157,1
150,84,51,8,432,79,105,498,64,59,238,21,63,68,157,86,57,53,122,31,1
412,122,28,236,157,19,12,29,91,92,31,497,16,67,86,6,57,131,75,40,1
29,75,5,78,2,157,60,23,16,96,53,17,6,99,19,17,105,222,141,31,1
126,38,236,33,89,110,35,99,91,17,31,157,11,103,122,29,64,24,18,1,1
117,22,68,53,102,143,32,77,38,67,31,119,236,157,18,11,31,498,412,90,0
75,37,79,41,222,22,412,1,54,157,11,122,516,29,498,103,131,67,58,114,1
22,4,17,111,102,61,40,14,59,29,31,53,106,157,119,157,31,119,75,122,1
222,23,11,42,412,201,61,24,27,18,31,119,113,57,238,75,119,28,157,154,0
9,516,117,1,18,157,98,141,43,29,11,33,6,119,122,131,57,245,91,75,1
24,18,134,44,31,110,39,56,90,201,126,516,63,75,245,103,122,238,6,157,1
23,131,53,222,34,24,31,21,84,267,122,74,105,245,75,11,89,119,105,19,1
75,238,89,96,57,157,143,10,498,62,17,141,31,117,113,84,1,141,53,11,1
22,98,103,53,421,25,18,122,121,236,69,57,90,19,31,34,57,238,92,55,0
8,40,133,19,99,498,114,33,134,117,157,53,57,119,50,157,31,18,103,64,0
412,67,60,1,41,98,25,96,420,103,154,92,29,31,84,75,238,80,141,157,0
157,254,75,223,222,22,238,53,17,121,-1,6,90,11,67,119,43,55,19,1,0
90,102,18,267,157,27,141,202,117,245,40,92,29,79,23,119,7,38,113,121,0
238,35,122,117,67,119,99,516,412,36,29,3,33,18,19,3,154,40,90,54,0
238,161,516,22,141,33,58,498,25,61,4,154,19,75,245,29,51,31,40,223,0
37,57,83,157,15,59,8,24,67,43,75,31,19,53,55,141,1,53,18,7,1
133,134,62,102,267,51,16,163,126,33,19,40,141,157,18,6,516,92,-1,202,1
141,6,236,117,17,201,134,64,24,29,238,63,119,126,18,102,31,58,157,40,0
113,498,115,16,83,92,61,40,96,102,157,29,18,75,41,24,31,-1,105,11,1
96,79,91,68,17,29,412,141,223,103,154,90,31,40,18,40,19,119,57,238,1
202,111,127,75,59,68,236,103,53,5,238,141,67,119,11,157,254,119,40,19,0
64,18,3,89,69,35,222,101,17,53,11,119,245,81,141,31,420,238,36,57,1
236,202,77,14,150,126,1,39,432,18,122,33,119,91,497,11,120,31,57,29,1
412,31,29,161,163,150,99,98,18,40,11,238,67,53,8,75,157,105,154,23,0
105,154,119,143,23,54,99,1,22,89,103,238,19,31,53,24,68,51,55,245,1
74,29,99,64,240,18,11,1,92,25,9,266,157,114,53,412,59,105,89,9,0
25,1,421,24,222,18,61,89,80,54,119,114,55,105,122,51,141,21,238,122,0
141,23,18,61,63,79,37,236,21,222,17,412,203,75,157,134,119,57,53,58,1
33,59,119,4,412,40,236,11,254,34,31,57,29,90,238,16,103,37,58,18,0
61,67,48,201,23,122,32,45,117,110,119,105,40,57,35,121,33,31,238,92,0
238,245,11,201,29,33,222,412,62,92,157,114,117,24,1,67,122,154,90,53,0
122,40,50,24,202,161,74,113,59,222,92,31,53,29,105,63,57,119,11,18,1
157,43,19,29,1,222,80,45,164,53,103,31,122,89,67,120,154,238,75,51,1
420,131,81,222,40,29,14,203,7,86,122,516,31,84,18,113,119,412,157,238,0
61,412,421,75,110,15,113,44,236,84,18,141,33,40,29,29,121,31,119,40,0
19,16,245,67,85,18,79,103,412,80,90,31,122,238,157,122,53,113,157,59,1
266,53,51,8,113,15,112,412,19,41,29,498,11,90,122,31,157,90,245,75,1
141,105,37,29,516,25,202,412,104,122,119,80,5,23,84,119,6,53,420,238,0
48,40,119,5,61,113,236,84,54,1,81,53,24,31,114,90,105,83,114,75,0
41,121,40,67,238,61,498,24,59,53,122,114,99,105,516,57,37,16,157,516,0
105,43,432,29,32,59,81,516,55,58,114,57,51,131,80,80,96,23,141,114,0
48,89,222,90,120,134,59,18,16,50,58,57,63,516,121,238,31,122,33,3,0
33,21,13,24,37,157,223,61,18,35,420,122,238,114,17,31,103,154,119,141,1
30,268,32,110,497,57,222,113,134,40,25,157,238,11,105,33,119,31,105,117,0
497,61,113,11,110,202,98,63,5,143,117,40,31,90,57,122,157,53,141,57,1
202,99,10,102,117,92,69,201,254,18,63,19,105,23,53,90,157,412,24,31,0
7,29,245,63,58,56,202,25,102,4,141,157,75,238,134,19,75,115,238,119,0
19,23,119,40,127,61,14,15,516,56,157,58,31,18,51,141,105,117,157,63,1
18,122,11,38,201,92,498,56,45,40,53,19,51,157,36,53,41,31,57,32,0
99,111,86,222,16,29,114,37,19,163,238,11,53,5,157,516,67,92,18,58,1
141,98,18,3,25,27,90,34,429,11,29,119,31,80,105,497,29,238,412,126,0
84,22,96,19,201,99,119,63,421,122,90,412,18,516,24,53,157,51,105,238,0
45,126,86,74,222,412,498,11,55,17,119,75,89,23,122,-1,23,57,75,53,0
143,29,75,90,11,498,40,3,59,115,222,31,53,119,141,31,7,53,122,33,0
45,79,27,29,91,238,150,498,117,113,28,-1,57,141,92,40,18,53,119,96,1
131,16,96,54,23,18,11,40,25,86,122,63,75,114,1,50,202,17,6,80,0
222,1,92,12,141,89,90,82,421,18,40,53,7,121,245,114,6,238,102,40,0
41,429,76,143,240,23,222,99,79,1,105,122,11,236,16,115,53,17,25,122,0
56,201,157,92,18,29,267,27,134,48,53,75,154,58,63,154,53,516,141,1,1
117,19,55,92,498,222,42,114,141,412,23,1,236,53,86,157,122,86,31,53,1
157,67,121,40,516,267,119,1,122,113,86,23,238,236,75,105,412,31,29,28,0
141,4,81,37,86,18,104,245,117,5,114,67,516,40,1,268,11,92,53,31,0
103,29,33,98,267,141,61,58,18,497,40,157,75,119,67,122,16,31,79,8,1
64,40,59,1,222,32,157,16,96,50,105,141,24,79,18,75,7,18,31,141,1
120,157,25,119,114,41,40,7,141,133,11,122,154,498,53,18,11,23,53,238,0
267,202,83,5,245,17,79,90,63,238,119,157,29,6,131,105,31,122,498,25,1
11,10,99,67,412,106,89,15,245,126,53,238,24,201,23,105,113,238,31,157,1
497,84,119,421,17,27,38,67,59,14,516,51,113,122,29,18,75,19,31,201,0
67,38,98,26,120,22,17,24,157,9,122,51,16,91,36,117,31,154,53,122,0
16,45,19,18,75,110,41,245,102,412,53,154,122,157,105,122,157,55,40,202,1
157,427,22,112,43,18,92,99,59,117,1,126,29,114,105,141,11,23,113,31,0
48,161,59,18,1,498,39,412,141,57,67,29,238,92,102,40,58,29,90,157,1
141,157,89,6,21,222,5,245,412,58,105,19,119,75,111,19,119,55,53,31,1
64,4,53,21,98,114,54,32,90,29,141,57,122,113,238,18,57,412,105,33,1
53,24,202,98,161,412,81,23,68,99,40,18,141,119,157,238,119,117,6,31,1
4,54,23,51,412,29,223,92,154,236,69,31,63,105,238,18,40,31,141,8,1
21,268,120,122,37,92,141,497,103,29,91,157,18,17,201,53,119,19,22,163,0
120,59,53,18,91,74,40,67,57,79,31,119,25,157,238,11,31,-1,24,141,0
498,16,63,254,114,86,8,18,117,131,31,134,119,80,64,40,31,90,516,157,1
7,40,41,11,15,59,64,117,29,90,412,75,51,53,31,157,18,51,8,105,1
126,102,9,222,14,18,58,43,236,79,40,113,119,31,11,498,59,16,141,35,1
202,254,134,86,161,113,114,497,238,110,105,102,40,53,51,67,122,40,21,11,0
11,22,61,48,412,64,50,67,45,12,29,40,31,90,157,57,201,75,157,40,1
497,25,498,24,28,80,19,91,29,1,238,31,134,157,11,40,134,117,119,31,0
79,126,117,18,63,5,99,113,119,223,57,122,31,24,105,33,80,40,516,61,0
25,202,245,240,24,83,432,238,6,113,19,114,157,51,29,141,23,69,516,157,1
240,25,120,222,127,18,58,37,102,1,420,238,119,141,516,238,157,516,57,89,0
114,5,37,51,163,45,82,19,89,21,18,254,412,498,16,6,11,119,120,90,0
61,53,141,58,18,75,33,81,16,1,31,67,90,63,51,67,131,51,122,31,1
43,127,133,236,64,113,134,498,37,107,114,24,57,29,4,31,117,4,6,40,0
12,56,22,245,126,41,9,79,45,81,31,117,64,55,59,105,114,31,92,53,0
40,236,5,25,59,238,254,42,113,79,120,19,96,31,53,57,1,19,90,122,1
23,17,21,15,516,44,29,45,75,19,32,157,11,74,222,11,22,222,238,107,1
133,64,38,119,412,15,432,34,113,41,59,157,141,91,57,516,19,53,3,29,1
53,82,498,33,103,111,120,58,63,67,89,96,64,106,412,240,141,420,61,36,0
61,23,75,110,54,164,236,32,40,74,222,59,103,53,133,114,238,3,157,18,1
69,18,62,120,86,51,103,141,40,68,238,17,111,516,119,31,238,36,23,29,1
32,29,61,497,106,59,99,21,31,432,39,412,18,516,157,105,141,154,19,157,0
103,89,51,5,57,432,163,18,120,111,11,143,238,245,27,67,141,412,83,31,1
157,45,516,110,79,9,90,201,81,86,55,236,122,53,11,60,105,53,51,19,1
150,63,59,16,11,79,267,50,112,222,92,40,119,31,157,64,53,84,119,40,0
122,61,98,18,53,25,81,42,120,84,105,131,119,157,75,114,50,29,238,516,1
222,157,44,91,33,202,23,59,143,34,31,29,105,119,18,516,238,11,53,31,0
115,113,19,412,29,18,44,104,98,26,238,157,67,24,6,122,25,157,40,1,0
102,92,429,63,4,45,498,98,497,120,113,53,31,38,18,29,154,114,121,40,1
18,74,5,84,86,31,107,497,157,51,238,75,1,63,90,24,53,117,17,83,1
120,143,8,51,150,27,25,79,40,119,157,112,57,516,92,11,53,58,122,7,0
202,106,150,89,245,157,122,40,32,110,51,119,53,11,103,412,516,498,105,98,0
150,99,31,67,11,86,56,55,40,51,119,157,96,24,59,18,5,105,17,238,0
53,39,15,4,33,76,81,119,141,412,91,18,40,117,31,40,157,11,105,122,1
40,98,19,61,18,75,157,110,33,267,122,91,201,24,31,67,79,53,238,122,1
98,19,18,17,157,11,236,497,24,245,63,420,64,222,122,33,131,53,90,122,0
236,18,31,59,16,29,43,11,61,122,119,75,141,57,238,67,24,40,157,114,1
412,13,202,24,238,516,157,18,12,60,117,63,254,119,105,55,29,11,40,31,1
412,67,64,1,78,51,11,126,45,37,29,238,154,59,31,40,24,245,55,119,1
44,134,222,157,79,254,223,22,90,16,122,113,498,75,40,29,7,154,57,238,0
22,10,122,432,61,64,201,29,92,131,114,53,18,119,157,11,141,119,267,99,0
15,40,59,112,154,157,104,24,53,115,31,29,119,18,57,29,90,114,18,122,0
19,40,8,29,238,10,21,412,103,11,57,51,53,157,122,498,34,31,63,51,0
4,16,119,59,141,50,40,75,121,15,51,18,11,157,31,32,1,31,122,105,1
